algorithm,noise,sigma,precision,recall,kerr
bic_var,ar1_09,1.0,0.3366,0.7611,33.5833
bic_var,ar1_09,10.0,0.3628,0.7708,29.0278
bic_var,gauss,1.0,0.9708,0.8167,-3.1944
bic_var,gauss,10.0,0.9461,0.8278,-2.5833
bic_var,t3,1.0,0.4727,0.8125,7.9167
bic_var,t3,10.0,0.5055,0.8556,7.5278
binseg_raw,ar1_09,1.0,0.4667,0.6125,-3.4722
binseg_raw,ar1_09,10.0,0.4444,0.5986,-3.3333
binseg_raw,gauss,1.0,0.9449,0.7083,-5.0833
binseg_raw,gauss,10.0,0.6056,0.7139,-3.3333
binseg_raw,t3,1.0,0.9505,0.6819,-5.3056
binseg_raw,t3,10.0,0.6167,0.7167,-3.3333
mbic_raw,ar1_09,1.0,0.2034,0.8347,34.8611
mbic_raw,ar1_09,10.0,0.0201,1.0000,1098.3611
mbic_raw,gauss,1.0,0.9400,0.8931,-1.2500
mbic_raw,gauss,10.0,0.0125,1.0000,1943.4722
mbic_raw,t3,1.0,0.5080,0.8708,3.1944
mbic_raw,t3,10.0,0.0138,1.0000,1690.6389
sc_nofloor,ar1_09,1.0,0.0593,0.9639,333.1944
sc_nofloor,ar1_09,10.0,0.0583,0.9986,336.7500
sc_nofloor,gauss,1.0,0.9241,0.9306,-0.6111
sc_nofloor,gauss,10.0,0.9179,0.9097,-0.8611
sc_nofloor,t3,1.0,0.3343,0.9097,14.0833
sc_nofloor,t3,10.0,0.3235,0.9111,17.7778
sc_v3,ar1_09,1.0,0.3366,0.7611,33.5833
sc_v3,ar1_09,10.0,0.3628,0.7708,29.0278
sc_v3,gauss,1.0,0.9708,0.8167,-3.1944
sc_v3,gauss,10.0,0.9461,0.8278,-2.5833
sc_v3,t3,1.0,0.4709,0.7903,5.3333
sc_v3,t3,10.0,0.5244,0.8389,5.1667
zero,ar1_09,1.0,1.0000,0.3333,-8.3333
zero,ar1_09,10.0,1.0000,0.3333,-8.3333
zero,gauss,1.0,1.0000,0.3333,-8.3333
zero,gauss,10.0,1.0000,0.3333,-8.3333
zero,t3,1.0,1.0000,0.3333,-8.3333
zero,t3,10.0,1.0000,0.3333,-8.3333
