dataset,algorithm,f1_mean,covering_mean,precision_mean,recall_mean,k_mean,runtime_s_mean
apple,amoc,0.6153846153846154,0.5805546215744202,1.0,0.4444444444444445,1.0,0.00015945779159665108
apple,binseg,0.8041237113402062,0.7140822719998113,0.75,0.8666666666666667,3.0,0.000997208058834076
apple,binseg_textbook,0.8041237113402062,0.7140822719998113,0.75,0.8666666666666667,3.0,0.00016654236242175102
apple,pelt,0.8041237113402062,0.7149180820730575,0.75,0.8666666666666667,3.0,0.011617042124271393
apple,pelt_bic,0.5428571428571429,0.6262805732895986,0.4,0.8444444444444446,4.0,0.011145375203341246
apple,sc_pelt,0.5428571428571429,0.6262805732895986,0.4000000000000001,0.8444444444444447,4.0,0.03352197094354779
apple,segneigh,0.5428571428571429,0.6262805732895986,0.4,0.8444444444444446,4.0,0.02859787503257394
apple,zero,0.59375,0.4246265030345013,1.0,0.4222222222222223,0.0,4.542060196399689e-06
bank,amoc,0.6666666666666666,0.9672977624784854,0.5,1.0,1.0,0.000114459078758955
bank,binseg,0.4,0.5094664371772806,0.25,1.0,3.0,0.0006952909752726555
bank,binseg_textbook,0.33333333333333337,0.5094664371772806,0.2,1.0,4.0,0.0001931660808622837
bank,pelt,0.4,0.5094664371772806,0.25,1.0,3.0,0.012579291593283415
bank,pelt_bic,0.1111111111111111,0.153184165232358,0.058823529411764705,1.0,16.0,0.004028165712952614
bank,sc_pelt,0.10526315789473681,0.153184165232358,0.05555555555555556,1.0,17.0,0.029910714528523386
bank,segneigh,0.33333333333333337,0.5094664371772806,0.2,1.0,4.0,0.022306582890450954
bank,zero,1.0,1.0,1.0,1.0,0.0,1.959037035703659e-06
bee_waggle_6,amoc,0.6341463414634146,0.6522836317033122,0.5,0.8666666666666667,1.0,0.0001116250641644001
bee_waggle_6,binseg,0.3880597014925373,0.5598126699761427,0.25,0.8666666666666667,3.0,0.0006439173594117165
bee_waggle_6,binseg_textbook,0.325,0.5726099893279432,0.2,0.8666666666666667,4.0,0.00039512477815151215
bee_waggle_6,pelt,0.3880597014925373,0.5696949545053233,0.25,0.8666666666666667,3.0,0.015454458072781563
bee_waggle_6,pelt_bic,0.358974358974359,0.22069326404301776,0.2222222222222222,0.9333333333333335,8.0,0.00457404088228941
bee_waggle_6,sc_pelt,0.3589743589743589,0.22069326404301776,0.22222222222222224,0.9333333333333333,8.0,0.0292939750244841
bee_waggle_6,segneigh,0.56,0.5699601005573068,0.4,0.9333333333333335,4.0,0.02205820893868804
bee_waggle_6,zero,0.9285714285714286,0.8911284212456285,1.0,0.8666666666666667,0.0,4.041008651256561e-06
bitcoin,amoc,0.36708860759493667,0.7640203902798163,0.5,0.29,1.0,0.00011299969628453255
bitcoin,binseg,0.42573099415204685,0.7544258508359085,0.4,0.455,4.0,0.000649165827780962
bitcoin,binseg_textbook,0.42573099415204685,0.7544258508359085,0.4,0.455,4.0,0.0002099168486893177
bitcoin,pelt,0.672463768115942,0.7578205983414552,0.8,0.58,4.0,0.01754758320748806
bitcoin,pelt_bic,0.672463768115942,0.7578205983414552,0.8,0.58,4.0,0.011821750085800886
bitcoin,sc_pelt,0.6724637681159422,0.7578205983414552,0.8000000000000002,0.58,4.0,0.03884642485063523
bitcoin,segneigh,0.672463768115942,0.7578205983414552,0.8,0.58,4.0,0.03989770822227001
bitcoin,zero,0.44961240310077516,0.5162283249537621,1.0,0.29,0.0,3.3332034945487976e-06
brent_spot,amoc,0.2718446601941748,0.4230248210766188,0.5,0.18666666666666668,1.0,0.00010737543925642967
brent_spot,binseg,0.48343373493975905,0.6267941377908148,0.75,0.3566666666666667,3.0,0.0007059169001877308
brent_spot,binseg_textbook,0.48343373493975905,0.6267941377908148,0.75,0.3566666666666667,3.0,0.00014058267697691917
brent_spot,pelt,0.4647239263803681,0.6266446013415417,0.75,0.33666666666666667,3.0,0.009153333026915789
brent_spot,pelt_bic,0.5863678804855276,0.6585704614415928,0.6666666666666666,0.5233333333333333,5.0,0.008440792094916105
brent_spot,sc_pelt,0.5863678804855275,0.6585704614415929,0.6666666666666665,0.5233333333333333,5.0,0.029675856372341512
brent_spot,segneigh,0.4313167259786477,0.6302231408438572,0.6,0.33666666666666667,4.0,0.017326083034276962
brent_spot,zero,0.3146067415730337,0.2658176,1.0,0.18666666666666668,0.0,2.5420449674129486e-06
businv,amoc,0.4545454545454546,0.5735800041718168,0.5,0.41666666666666674,1.0,0.00010591698810458183
businv,binseg,0.3703703703703704,0.5616385346323081,0.3333333333333333,0.41666666666666674,2.0,0.0005942918360233307
businv,binseg_textbook,0.3125,0.5068269984199428,0.25,0.41666666666666674,3.0,0.00029295915737748146
businv,pelt,0.3703703703703704,0.6027521396099411,0.3333333333333333,0.41666666666666674,2.0,0.006321208085864782
businv,pelt_bic,0.3125,0.4939817887561099,0.25,0.41666666666666674,3.0,0.006252709310501814
businv,sc_pelt,0.3125,0.4939817887561097,0.25,0.4166666666666668,3.0,0.017242574971169232
businv,segneigh,0.3125,0.4939817887561099,0.25,0.41666666666666674,3.0,0.015379124786704779
businv,zero,0.5882352941176471,0.46094765840220386,1.0,0.41666666666666674,0.0,5.709007382392883e-06
centralia,amoc,0.7628865979381444,0.6746666666666667,1.0,0.6166666666666667,0.0,9.370828047394753e-05
centralia,binseg,0.9090909090909092,0.5635978835978837,1.0,0.8333333333333335,1.0,0.00021774973720312119
centralia,binseg_textbook,0.9090909090909092,0.5635978835978837,1.0,0.8333333333333335,1.0,7.133372128009796e-05
centralia,pelt,0.9090909090909092,0.5635978835978837,1.0,0.8333333333333335,1.0,0.0002416251227259636
centralia,pelt_bic,0.9090909090909092,0.5635978835978837,1.0,0.8333333333333335,1.0,0.00025004101917147636
centralia,sc_pelt,0.9090909090909094,0.5635978835978838,1.0,0.8333333333333336,1.0,0.002619697921909392
centralia,segneigh,0.9090909090909092,0.5635978835978837,1.0,0.8333333333333335,1.0,0.0005526249296963215
centralia,zero,0.7628865979381444,0.6746666666666667,1.0,0.6166666666666667,0.0,1.584179699420929e-06
children_per_woman,amoc,0.6175115207373272,0.7982556272643625,1.0,0.4466666666666667,1.0,0.00010850001126527786
children_per_woman,binseg,0.6175115207373272,0.7982556272643625,1.0,0.4466666666666667,1.0,0.0005280841141939163
children_per_woman,binseg_textbook,0.6175115207373272,0.7982556272643625,1.0,0.4466666666666667,1.0,6.400002166628838e-05
children_per_woman,pelt,0.6175115207373272,0.7982556272643625,1.0,0.4466666666666667,1.0,0.004519541282206774
children_per_woman,pelt_bic,0.33663366336633666,0.7706794496729777,0.3333333333333333,0.34,2.0,0.0035039586946368217
children_per_woman,sc_pelt,0.3366336633663367,0.7706794496729776,0.33333333333333326,0.33999999999999997,2.0,0.020124997990205885
children_per_woman,segneigh,0.33663366336633666,0.7706794496729777,0.3333333333333333,0.34,2.0,0.008403957821428776
children_per_woman,zero,0.5074626865671642,0.42910563901060694,1.0,0.34,0.0,2.250075340270996e-06
co2_canada,amoc,0.5441941074523396,0.5267191888742934,1.0,0.3738095238095238,1.0,0.00010295910760760307
co2_canada,binseg,0.6905689789555729,0.6080954444081101,1.0,0.5273809523809524,2.0,0.00033170823007822037
co2_canada,binseg_textbook,0.6905689789555729,0.6080954444081101,1.0,0.5273809523809524,2.0,8.541624993085861e-05
co2_canada,pelt,0.6613545816733067,0.6114412387983277,1.0,0.494047619047619,2.0,0.0016143331304192543
co2_canada,pelt_bic,0.6613545816733067,0.6116861151339248,1.0,0.494047619047619,2.0,0.0029300409369170666
co2_canada,sc_pelt,0.6613545816733066,0.6116861151339247,1.0,0.49404761904761896,2.0,0.015609891712665558
co2_canada,segneigh,0.6613545816733067,0.6116861151339248,1.0,0.494047619047619,2.0,0.007780875079333782
co2_canada,zero,0.36097560975609755,0.2775684153596539,1.0,0.22023809523809523,0.0,1.62515789270401e-06
construction,amoc,0.5161290322580646,0.5252008018620421,0.5,0.5333333333333333,1.0,0.0001050001010298729
construction,binseg,0.7090909090909091,0.46621697031553416,0.6,0.8666666666666667,4.0,0.0007705409079790115
construction,binseg_textbook,0.7090909090909091,0.46621697031553416,0.6,0.8666666666666667,4.0,0.00039791688323020935
construction,pelt,0.7090909090909091,0.4227346947723123,0.6,0.8666666666666667,4.0,0.0026323748752474785
construction,pelt_bic,0.7090909090909091,0.4227346947723123,0.6,0.8666666666666667,4.0,0.0041159577667713165
construction,sc_pelt,0.6341463414634148,0.3962987435466291,0.5,0.8666666666666668,5.0,0.01696996041573584
construction,segneigh,0.7090909090909091,0.4227346947723123,0.6,0.8666666666666667,4.0,0.014141333755105734
construction,zero,0.6956521739130436,0.5746032369964917,1.0,0.5333333333333333,0.0,6.666872650384903e-06
debt_ireland,amoc,0.4693877551020408,0.32063492063492066,1.0,0.30666666666666664,0.0,9.950017556548119e-05
debt_ireland,binseg,0.7603305785123966,0.6346153846153847,1.0,0.6133333333333333,1.0,0.0003877920098602772
debt_ireland,binseg_textbook,0.7603305785123966,0.6346153846153847,1.0,0.6133333333333333,1.0,9.129196405410767e-05
debt_ireland,pelt,0.7603305785123966,0.6346153846153847,1.0,0.6133333333333333,1.0,0.00039962492883205414
debt_ireland,pelt_bic,0.7603305785123966,0.6346153846153847,1.0,0.6133333333333333,1.0,0.0003532092086970806
debt_ireland,sc_pelt,0.7603305785123966,0.6346153846153848,1.0,0.6133333333333333,1.0,0.003046297887340188
debt_ireland,segneigh,0.7603305785123966,0.6346153846153847,1.0,0.6133333333333333,1.0,0.0008255001157522202
debt_ireland,zero,0.4693877551020408,0.32063492063492066,1.0,0.30666666666666664,0.0,3.125052899122238e-06
gdp_argentina,amoc,0.888888888888889,0.6674763588023808,1.0,0.8,1.0,0.00010341731831431389
gdp_argentina,binseg,0.888888888888889,0.6674763588023808,1.0,0.8,1.0,0.000510666985064745
gdp_argentina,binseg_textbook,0.888888888888889,0.6674763588023808,1.0,0.8,1.0,0.00012529222294688225
gdp_argentina,pelt,0.888888888888889,0.6674763588023808,1.0,0.8,1.0,0.000931084156036377
gdp_argentina,pelt_bic,0.9473684210526316,0.6307126868635891,1.0,0.9,2.0,0.000935874879360199
gdp_argentina,sc_pelt,0.9473684210526313,0.6307126868635891,1.0,0.8999999999999998,2.0,0.004768277145922184
gdp_argentina,segneigh,0.9473684210526316,0.6307126868635891,1.0,0.9,2.0,0.002488125115633011
gdp_argentina,zero,0.8235294117647058,0.7370870439528872,1.0,0.7000000000000001,0.0,3.4580007195472717e-06
gdp_croatia,amoc,0.5833333333333333,0.6053921568627451,0.5,0.7000000000000001,1.0,9.345915168523788e-05
gdp_croatia,binseg,0.5833333333333333,0.6053921568627451,0.5,0.7000000000000001,1.0,0.00030137505382299423
gdp_croatia,binseg_textbook,0.5833333333333333,0.6053921568627451,0.5,0.7000000000000001,1.0,0.00010199984535574913
gdp_croatia,pelt,0.5833333333333333,0.6053921568627451,0.5,0.7000000000000001,1.0,0.0003970828838646412
gdp_croatia,pelt_bic,0.5833333333333333,0.6053921568627451,0.5,0.7000000000000001,1.0,0.0003943745978176594
gdp_croatia,sc_pelt,0.5833333333333334,0.6053921568627451,0.5,0.7,1.0,0.004661933379247784
gdp_croatia,segneigh,0.5833333333333333,0.6053921568627451,0.5,0.7000000000000001,1.0,0.0009363749995827675
gdp_croatia,zero,0.8235294117647058,0.7083333333333334,1.0,0.7000000000000001,0.0,2.834014594554901e-06
gdp_iran,amoc,0.4915254237288135,0.4840462863606044,0.5,0.48333333333333334,1.0,0.00010291673243045807
gdp_iran,binseg,0.4915254237288135,0.4773172527036974,0.5,0.48333333333333334,1.0,0.00046562496572732925
gdp_iran,binseg_textbook,0.4915254237288135,0.4840462863606044,0.5,0.48333333333333334,1.0,0.0001054578460752964
gdp_iran,pelt,0.4915254237288135,0.4773172527036974,0.5,0.48333333333333334,1.0,0.0024695000611245632
gdp_iran,pelt_bic,0.39455782312925164,0.5026016676262982,0.3333333333333333,0.48333333333333334,2.0,0.0032537500374019146
gdp_iran,sc_pelt,0.39455782312925164,0.5026016676262981,0.33333333333333326,0.4833333333333332,2.0,0.006498504150658846
gdp_iran,segneigh,0.39455782312925164,0.5026016676262982,0.3333333333333333,0.48333333333333334,2.0,0.0030088326893746853
gdp_iran,zero,0.6516853932584269,0.582639714625446,1.0,0.48333333333333334,0.0,3.2908283174037933e-06
gdp_japan,amoc,0.6153846153846154,0.6538916256157636,0.5,0.8,1.0,0.00010058283805847168
gdp_japan,binseg,0.6153846153846154,0.6538916256157636,0.5,0.8,1.0,0.0006204158999025822
gdp_japan,binseg_textbook,0.6153846153846154,0.6538916256157636,0.5,0.8,1.0,9.666662663221359e-05
gdp_japan,pelt,0.6153846153846154,0.6538916256157636,0.5,0.8,1.0,0.0011135833337903023
gdp_japan,pelt_bic,0.6153846153846154,0.6538916256157636,0.5,0.8,1.0,0.0012652920559048653
gdp_japan,sc_pelt,0.6153846153846153,0.6538916256157636,0.5,0.8000000000000002,1.0,0.007049275049939752
gdp_japan,segneigh,0.6153846153846154,0.6538916256157636,0.5,0.8,1.0,0.0025552082806825638
gdp_japan,zero,0.888888888888889,0.802140309155767,1.0,0.8,0.0,3.0407682061195374e-06
global_co2,amoc,0.9285714285714286,0.7431332769794309,1.0,0.8666666666666667,1.0,9.920774027705193e-05
global_co2,binseg,0.9285714285714286,0.748224852071006,1.0,0.8666666666666667,1.0,0.0004686671309173107
global_co2,binseg_textbook,0.7536231884057971,0.6502709096459096,0.6666666666666666,0.8666666666666667,2.0,0.00016358308494091034
global_co2,pelt,0.7536231884057971,0.6376856527413207,0.6666666666666666,0.8666666666666667,2.0,0.001508417073637247
global_co2,pelt_bic,0.7536231884057971,0.6336752136752137,0.6666666666666666,0.8666666666666667,2.0,0.0015911669470369816
global_co2,sc_pelt,0.7536231884057971,0.633675213675214,0.6666666666666665,0.8666666666666668,2.0,0.008342714630998671
global_co2,segneigh,0.7536231884057971,0.6336752136752137,0.6666666666666666,0.8666666666666667,2.0,0.004624583758413792
global_co2,zero,0.8461538461538461,0.7583210059171598,1.0,0.7333333333333334,0.0,3.375113010406494e-06
homeruns,amoc,0.8118811881188119,0.6826141913243321,1.0,0.6833333333333333,1.0,0.00010395795106887817
homeruns,binseg,0.8118811881188119,0.6826141913243321,1.0,0.6833333333333333,1.0,0.0019184998236596584
homeruns,binseg_textbook,0.8118811881188119,0.6826141913243321,1.0,0.6833333333333333,1.0,5.970802158117294e-05
homeruns,pelt,0.8118811881188119,0.6826141913243321,1.0,0.6833333333333333,1.0,0.00255220802500844
homeruns,pelt_bic,0.39730639730639733,0.5897930346729432,0.3333333333333333,0.4916666666666667,2.0,0.0008580000139772892
homeruns,sc_pelt,0.3973063973063973,0.5897930346729433,0.33333333333333326,0.4916666666666668,2.0,0.007484125043265522
homeruns,segneigh,0.39730639730639733,0.5897930346729432,0.3333333333333333,0.4916666666666667,2.0,0.009619457647204399
homeruns,zero,0.6592178770949721,0.5107153116920425,1.0,0.4916666666666667,0.0,3.7080608308315277e-06
iceland_tourism,amoc,0.6428571428571429,0.7638979209774363,0.5,0.9,1.0,0.00010337494313716888
iceland_tourism,binseg,0.6428571428571429,0.7638979209774363,0.5,0.9,1.0,0.0005302922800183296
iceland_tourism,binseg_textbook,0.6428571428571429,0.7638979209774363,0.5,0.9,1.0,5.8167148381471634e-05
iceland_tourism,pelt,0.6428571428571429,0.7638979209774363,0.5,0.9,1.0,0.002895666752010584
iceland_tourism,pelt_bic,0.48648648648648646,0.64950392990594,0.3333333333333333,0.9,2.0,0.0015146671794354916
iceland_tourism,sc_pelt,0.4864864864864864,0.64950392990594,0.33333333333333326,0.8999999999999998,2.0,0.01462807720527053
iceland_tourism,segneigh,0.48648648648648646,0.64950392990594,0.3333333333333333,0.9,2.0,0.0077191246673464775
iceland_tourism,zero,0.9473684210526316,0.9460215651119921,1.0,0.9,0.0,1.7918646335601807e-06
jfk_passengers,amoc,0.7755102040816326,0.8392664497512488,1.0,0.6333333333333333,1.0,0.00010575028136372566
jfk_passengers,binseg,0.7755102040816326,0.8392664497512488,1.0,0.6333333333333333,1.0,0.0006009996868669987
jfk_passengers,binseg_textbook,0.7755102040816326,0.8392664497512488,1.0,0.6333333333333333,1.0,7.516704499721527e-05
jfk_passengers,pelt,0.7755102040816326,0.8392664497512488,1.0,0.6333333333333333,1.0,0.008886625058948994
jfk_passengers,pelt_bic,0.6495726495726496,0.7912402844476574,0.6666666666666666,0.6333333333333333,2.0,0.003911292180418968
jfk_passengers,sc_pelt,0.6495726495726495,0.7912402844476573,0.6666666666666665,0.6333333333333332,2.0,0.02648654584772885
jfk_passengers,segneigh,0.6495726495726496,0.7912402844476574,0.6666666666666666,0.6333333333333333,2.0,0.016696250066161156
jfk_passengers,zero,0.723404255319149,0.6298433048433048,1.0,0.5666666666666668,0.0,2.9159709811210632e-06
lga_passengers,amoc,0.42196531791907516,0.42658426556475987,0.5,0.365,1.0,0.0001094168983399868
lga_passengers,binseg,0.43820224719101125,0.45828866764869847,0.5,0.39,3.0,0.0022674589417874813
lga_passengers,binseg_textbook,0.43820224719101125,0.45828866764869847,0.5,0.39,3.0,0.00014420785009860992
lga_passengers,pelt,0.43820224719101125,0.4744170110960888,0.5,0.39,3.0,0.009777292143553495
lga_passengers,pelt_bic,0.453551912568306,0.5344857489415489,0.5,0.41500000000000004,5.0,0.007028291933238506
lga_passengers,sc_pelt,0.453551912568306,0.5344857489415489,0.5,0.41500000000000004,5.0,0.023032352095469832
lga_passengers,segneigh,0.39493670886075954,0.5433669095513529,0.4,0.39,4.0,0.015869416762143373
lga_passengers,zero,0.5347985347985348,0.38302834392577984,1.0,0.365,0.0,2.291053533554077e-06
measles,amoc,0.9473684210526316,0.9511852891971232,1.0,0.9,0.0,0.00012020813301205635
measles,binseg,0.9473684210526316,0.9511852891971232,1.0,0.9,0.0,0.0021255831234157085
measles,binseg_textbook,0.9473684210526316,0.9511852891971232,1.0,0.9,0.0,0.00011566700413823128
measles,pelt,0.12413793103448276,0.21259929973790964,0.06666666666666667,0.9,14.0,0.011510292068123817
measles,pelt_bic,0.10465116279069767,0.1661815398993627,0.05555555555555555,0.9,17.0,0.009567041881382465
measles,sc_pelt,0.10465116279069767,0.16618153989936274,0.05555555555555556,0.8999999999999998,17.0,0.05147007913328707
measles,segneigh,0.32727272727272727,0.3672811400162438,0.2,0.9,4.0,0.0504567502066493
measles,zero,0.9473684210526316,0.9511852891971232,1.0,0.9,0.0,8.792150765657425e-06
nile,amoc,1.0,0.8800821917808218,1.0,1.0,1.0,0.00010120822116732597
nile,binseg,1.0,0.8800821917808218,1.0,1.0,1.0,0.00041445810347795486
nile,binseg_textbook,1.0,0.8800821917808218,1.0,1.0,1.0,0.00012170802801847458
nile,pelt,1.0,0.8800821917808218,1.0,1.0,1.0,0.0015088338404893875
nile,pelt_bic,1.0,0.8800821917808218,1.0,1.0,1.0,0.0016019996255636215
nile,sc_pelt,1.0,0.8800821917808218,1.0,1.0,1.0,0.00691357902251184
nile,segneigh,1.0,0.8800821917808218,1.0,1.0,1.0,0.006762125063687563
nile,zero,0.8235294117647058,0.75808,1.0,0.7000000000000001,0.0,4.00003045797348e-06
occupancy,amoc,0.3837546622461666,0.4005430711101662,1.0,0.23743589743589744,1.0,0.00010745832696557045
occupancy,binseg,0.7490541532554068,0.6272261492598166,0.8333333333333334,0.6802564102564103,5.0,0.000722791999578476
occupancy,binseg_textbook,0.7607015179590846,0.5983591531614051,0.7777777777777778,0.7443589743589745,8.0,0.00045566586777567863
occupancy,pelt,0.7590641334107692,0.6109583971820417,0.875,0.6702564102564104,7.0,0.009972374886274338
occupancy,pelt_bic,0.8042684639146307,0.6234162597946739,0.8888888888888888,0.7343589743589743,8.0,0.003659625072032213
occupancy,sc_pelt,0.8042684639146309,0.6234162597946737,0.888888888888889,0.7343589743589743,8.0,0.02506765627767891
occupancy,segneigh,0.7485961816139901,0.6461642966329588,1.0,0.5982051282051283,4.0,0.015566708985716105
occupancy,zero,0.34077855775366944,0.23562129218275368,1.0,0.2053846153846154,0.0,2.3748725652694702e-06
ozone,amoc,0.53125,0.7014814814814815,0.5,0.5666666666666668,1.0,9.49581153690815e-05
ozone,binseg,0.6495726495726496,0.6001481481481481,0.6666666666666666,0.6333333333333333,2.0,0.0004686657339334488
ozone,binseg_textbook,0.6495726495726496,0.6001481481481481,0.6666666666666666,0.6333333333333333,2.0,0.0001566251739859581
ozone,pelt,1.0,0.6345922998096911,1.0,1.0,2.0,0.0015232083387672901
ozone,pelt_bic,1.0,0.6265993265993266,1.0,1.0,2.0,0.001067375298589468
ozone,sc_pelt,1.0,0.6265993265993265,1.0,1.0,2.0,0.004939049785025418
ozone,segneigh,1.0,0.6265993265993266,1.0,1.0,2.0,0.003552208188921213
ozone,zero,0.723404255319149,0.5736625514403292,1.0,0.5666666666666668,0.0,3.000255674123764e-06
quality_control_1,amoc,1.0,0.9923773726743093,1.0,1.0,1.0,0.00010670814663171768
quality_control_1,binseg,1.0,0.9923773726743093,1.0,1.0,1.0,0.0005308748222887516
quality_control_1,binseg_textbook,1.0,0.9923773726743093,1.0,1.0,1.0,0.00013645878061652184
quality_control_1,pelt,1.0,0.9923773726743093,1.0,1.0,1.0,0.00454429117962718
quality_control_1,pelt_bic,1.0,0.9923773726743093,1.0,1.0,1.0,0.005909458268433809
quality_control_1,sc_pelt,1.0,0.9923773726743091,1.0,1.0,1.0,0.02249916670843959
quality_control_1,segneigh,1.0,0.9923773726743093,1.0,1.0,1.0,0.012299540918320417
quality_control_1,zero,0.6666666666666666,0.5031081260398699,1.0,0.5,0.0,5.458947271108627e-06
quality_control_2,amoc,1.0,0.9223181723701366,1.0,1.0,1.0,9.625032544136047e-05
quality_control_2,binseg,1.0,0.9223181723701366,1.0,1.0,1.0,0.00043179094791412354
quality_control_2,binseg_textbook,1.0,0.9223181723701366,1.0,1.0,1.0,5.9042125940322876e-05
quality_control_2,pelt,1.0,0.9223181723701366,1.0,1.0,1.0,0.004951000213623047
quality_control_2,pelt_bic,1.0,0.9223181723701366,1.0,1.0,1.0,0.00210049981251359
quality_control_2,sc_pelt,1.0,0.9223181723701366,1.0,1.0,1.0,0.017282145726494492
quality_control_2,segneigh,1.0,0.9223181723701366,1.0,1.0,1.0,0.00872108293697238
quality_control_2,zero,0.7500000000000001,0.6382524441558766,1.0,0.6000000000000001,0.0,1.8328428268432617e-06
quality_control_3,amoc,1.0,0.995645855133124,1.0,1.0,1.0,0.00010900013148784637
quality_control_3,binseg,1.0,0.995645855133124,1.0,1.0,1.0,0.0005264580249786377
quality_control_3,binseg_textbook,1.0,0.995645855133124,1.0,1.0,1.0,6.558327004313469e-05
quality_control_3,pelt,1.0,0.995645855133124,1.0,1.0,1.0,0.005549292080104351
quality_control_3,pelt_bic,1.0,0.995645855133124,1.0,1.0,1.0,0.004464416299015284
quality_control_3,sc_pelt,1.0,0.9956458551331238,1.0,1.0,1.0,0.021724043670110403
quality_control_3,segneigh,1.0,0.995645855133124,1.0,1.0,1.0,0.01037162495777011
quality_control_3,zero,0.6666666666666666,0.5002717310161545,1.0,0.5,0.0,2.250075340270996e-06
quality_control_4,amoc,0.8095238095238095,0.5628594752186589,1.0,0.68,1.0,0.00010087480768561363
quality_control_4,binseg,0.8727272727272728,0.5176214973477965,0.8,0.96,4.0,0.0005897502414882183
quality_control_4,binseg_textbook,0.8727272727272728,0.5176214973477965,0.8,0.96,4.0,0.00039241695776581764
quality_control_4,pelt,0.7263157894736841,0.5377566882818625,0.6,0.9199999999999999,4.0,0.007870957721024752
quality_control_4,pelt_bic,0.7263157894736841,0.5377566882818625,0.6,0.9199999999999999,4.0,0.005512333009392023
quality_control_4,sc_pelt,0.7263157894736841,0.5377566882818627,0.5999999999999999,0.9199999999999999,4.0,0.026332212588749827
quality_control_4,segneigh,0.7263157894736841,0.5377566882818625,0.6,0.9199999999999999,4.0,0.014848916791379452
quality_control_4,zero,0.7804878048780489,0.6727408,1.0,0.6400000000000001,0.0,5.207955837249756e-06
quality_control_5,amoc,1.0,1.0,1.0,1.0,0.0,0.00011137500405311584
quality_control_5,binseg,1.0,1.0,1.0,1.0,0.0,0.0005075833760201931
quality_control_5,binseg_textbook,1.0,1.0,1.0,1.0,0.0,3.7624966353178024e-05
quality_control_5,pelt,1.0,1.0,1.0,1.0,0.0,0.00448674988001585
quality_control_5,pelt_bic,1.0,1.0,1.0,1.0,0.0,0.002659082878381014
quality_control_5,sc_pelt,1.0,1.0,1.0,1.0,0.0,0.018303760420531036
quality_control_5,segneigh,1.0,1.0,1.0,1.0,0.0,0.008965791668742895
quality_control_5,zero,1.0,1.0,1.0,1.0,0.0,1.62515789270401e-06
rail_lines,amoc,0.8461538461538461,0.7863825363825363,1.0,0.7333333333333334,1.0,8.991733193397522e-05
rail_lines,binseg,0.8461538461538461,0.7863825363825363,1.0,0.7333333333333334,1.0,0.0004046657122671604
rail_lines,binseg_textbook,0.8461538461538461,0.7863825363825363,1.0,0.7333333333333334,1.0,9.670807048678398e-05
rail_lines,pelt,0.8461538461538461,0.7863825363825363,1.0,0.7333333333333334,1.0,0.0006449171341955662
rail_lines,pelt_bic,0.8461538461538461,0.7863825363825363,1.0,0.7333333333333334,1.0,0.0006430419161915779
rail_lines,sc_pelt,0.8461538461538461,0.7863825363825363,1.0,0.7333333333333336,1.0,0.0046828084392473105
rail_lines,segneigh,0.8461538461538461,0.7863825363825363,1.0,0.7333333333333334,1.0,0.0016272496432065964
rail_lines,zero,0.5365853658536586,0.4281957633308984,1.0,0.3666666666666667,0.0,3.458932042121887e-06
ratner_stock,amoc,0.7755102040816326,0.8731931344496537,1.0,0.6333333333333333,1.0,0.00010150019079446793
ratner_stock,binseg,0.8235294117647058,0.9127129495029587,1.0,0.7000000000000001,2.0,0.0005906657315790653
ratner_stock,binseg_textbook,0.8235294117647058,0.9139203037546355,1.0,0.7000000000000001,2.0,0.00025516701862215996
ratner_stock,pelt,0.6495726495726496,0.9081545019686045,0.6666666666666666,0.6333333333333333,2.0,0.01024854090064764
ratner_stock,pelt_bic,0.8235294117647058,0.9140453687993402,1.0,0.7000000000000001,2.0,0.007833542302250862
ratner_stock,sc_pelt,0.823529411764706,0.91404536879934,1.0,0.7,2.0,0.03409451670013368
ratner_stock,segneigh,0.8235294117647058,0.9140453687993402,1.0,0.7000000000000001,2.0,0.028110167011618614
ratner_stock,zero,0.5714285714285715,0.4503255555555555,1.0,0.4,0.0,6.249640136957169e-06
robocalls,amoc,0.8,0.641011386803242,1.0,0.6666666666666666,1.0,8.904095739126205e-05
robocalls,binseg,0.8,0.641011386803242,1.0,0.6666666666666666,1.0,0.0006874999962747097
robocalls,binseg_textbook,0.8,0.641011386803242,1.0,0.6666666666666666,1.0,9.391596540808678e-05
robocalls,pelt,0.8,0.641011386803242,1.0,0.6666666666666666,1.0,0.0008382080122828484
robocalls,pelt_bic,0.9655172413793104,0.7603878525125991,1.0,0.9333333333333335,2.0,0.0008196248672902584
robocalls,sc_pelt,0.9655172413793103,0.7603878525125991,1.0,0.9333333333333333,2.0,0.005084441625513136
robocalls,segneigh,0.9655172413793104,0.7603878525125991,1.0,0.9333333333333335,2.0,0.0022384589537978172
robocalls,zero,0.6363636363636364,0.6005917159763314,1.0,0.4666666666666666,0.0,2.375338226556778e-06
run_log,amoc,0.5436893203883496,0.3907889288579671,1.0,0.37333333333333335,1.0,0.00011033378541469574
run_log,binseg,0.6486486486486487,0.4757405226719393,1.0,0.48,3.0,0.0006187078543007374
run_log,binseg_textbook,0.6486486486486487,0.4757405226719393,1.0,0.48,3.0,0.0002700421027839184
run_log,pelt,0.905109489051095,0.6892215948573779,1.0,0.8266666666666668,7.0,0.006075583398342133
run_log,pelt_bic,1.0,0.7962530616699447,1.0,1.0,9.0,0.0061667500995099545
run_log,sc_pelt,1.0,0.7962530616699446,1.0,1.0,9.0,0.023667308315634728
run_log,segneigh,0.7755102040816327,0.5561251077860564,1.0,0.6333333333333334,4.0,0.014307833276689053
run_log,zero,0.4455958549222798,0.3035168628338615,1.0,0.2866666666666667,0.0,9.792391210794449e-06
scanline_126007,amoc,0.7102803738317757,0.5194256864232051,1.0,0.5507246376811594,1.0,0.00010145921260118484
scanline_126007,binseg,0.7385740402193784,0.4641245857865578,1.0,0.5855072463768116,5.0,0.0006136670708656311
scanline_126007,binseg_textbook,0.7385740402193784,0.4641245857865578,1.0,0.5855072463768116,5.0,0.00023525021970272064
scanline_126007,pelt,0.7589928057553957,0.4435622793574522,1.0,0.6115942028985507,8.0,0.00838845781981945
scanline_126007,pelt_bic,0.7589928057553957,0.4435622793574522,1.0,0.6115942028985507,8.0,0.0034639579243957996
scanline_126007,sc_pelt,0.7589928057553957,0.4435622793574522,1.0,0.6115942028985508,8.0,0.02524412495549768
scanline_126007,segneigh,0.7316176470588235,0.5674532369803685,1.0,0.5768115942028985,4.0,0.01104720775038004
scanline_126007,zero,0.6444007858546169,0.5027199917012807,1.0,0.4753623188405797,0.0,1.9166618585586548e-06
scanline_42049,amoc,0.4845005740528128,0.42402749280674296,1.0,0.3196969696969697,1.0,0.00010129204019904137
scanline_42049,binseg,0.7134502923976608,0.6314867217082936,1.0,0.5545454545454546,3.0,0.0005937502719461918
scanline_42049,binseg_textbook,0.8043478260869567,0.7478369180584898,1.0,0.6727272727272728,5.0,0.0005034576170146465
scanline_42049,pelt,0.8043478260869567,0.7454882781915353,1.0,0.6727272727272728,5.0,0.007168207783252001
scanline_42049,pelt_bic,0.9095415117719949,0.8622300706056162,1.0,0.834090909090909,7.0,0.005669290665537119
scanline_42049,sc_pelt,0.9095415117719948,0.8622300706056162,1.0,0.834090909090909,7.0,0.021638031117618084
scanline_42049,segneigh,0.7482219061166431,0.7297414014592061,1.0,0.5977272727272728,4.0,0.014081083703786135
scanline_42049,zero,0.2756368386675375,0.21128452937184744,1.0,0.15984848484848485,0.0,4.9578957259655e-06
seatbelts,amoc,0.4736842105263158,0.6825404441929042,0.5,0.45,1.0,9.737489745020866e-05
seatbelts,binseg,0.6829268292682927,0.796945892630244,0.6666666666666666,0.7000000000000001,2.0,0.000600375235080719
seatbelts,binseg_textbook,0.6829268292682927,0.796945892630244,0.6666666666666666,0.7000000000000001,2.0,8.979206904768944e-05
seatbelts,pelt,0.6829268292682927,0.796945892630244,0.6666666666666666,0.7000000000000001,2.0,0.003089082892984152
seatbelts,pelt_bic,0.5833333333333333,0.7654780268915078,0.5,0.7000000000000001,3.0,0.0013954578898847103
seatbelts,sc_pelt,0.5833333333333334,0.7654780268915078,0.5,0.7,3.0,0.01344733138103038
seatbelts,segneigh,0.5833333333333333,0.7654780268915078,0.5,0.7000000000000001,3.0,0.0061522917822003365
seatbelts,zero,0.6206896551724138,0.5283637152777778,1.0,0.45,0.0,2.00001522898674e-06
shanghai_license,amoc,0.8679245283018869,0.9196947071511531,1.0,0.7666666666666667,1.0,0.00010024989023804665
shanghai_license,binseg,0.8679245283018869,0.9196947071511531,1.0,0.7666666666666667,1.0,0.0004805424250662327
shanghai_license,binseg_textbook,0.8679245283018869,0.9196947071511531,1.0,0.7666666666666667,1.0,5.66248781979084e-05
shanghai_license,pelt,0.8679245283018869,0.9196947071511531,1.0,0.7666666666666667,1.0,0.0029700826853513718
shanghai_license,pelt_bic,0.7131782945736433,0.8264951553625124,0.6666666666666666,0.7666666666666667,2.0,0.0015059169381856918
shanghai_license,sc_pelt,0.7131782945736432,0.8264951553625123,0.6666666666666665,0.7666666666666668,2.0,0.01335538742132485
shanghai_license,segneigh,0.7131782945736433,0.8264951553625124,0.6666666666666666,0.7666666666666667,2.0,0.007372624706476927
shanghai_license,zero,0.6363636363636364,0.5470886377156454,1.0,0.46666666666666673,0.0,1.4579854905605316e-06
unemployment_nl,amoc,0.5663082437275986,0.5065595248493319,1.0,0.395,0.0,0.00010283291339874268
unemployment_nl,binseg,0.8764044943820225,0.669177886902036,1.0,0.78,3.0,0.0005394173786044121
unemployment_nl,binseg_textbook,0.8764044943820225,0.669177886902036,1.0,0.78,3.0,0.0001337076537311077
unemployment_nl,pelt,0.7730061349693252,0.6483671445199073,1.0,0.63,3.0,0.00310466717928648
unemployment_nl,pelt_bic,0.7730061349693252,0.6483671445199073,1.0,0.63,3.0,0.002451667096465826
unemployment_nl,sc_pelt,0.7730061349693252,0.6483671445199073,1.0,0.6300000000000001,3.0,0.01334982707630843
unemployment_nl,segneigh,0.7730061349693252,0.6483671445199073,1.0,0.63,3.0,0.00734391575679183
unemployment_nl,zero,0.5663082437275986,0.5065595248493319,1.0,0.395,0.0,2.6659108698368073e-06
us_population,amoc,1.0,0.7355460811775691,1.0,1.0,1.0,0.0001205001026391983
us_population,binseg,0.6666666666666666,0.3909313725490196,0.5,1.0,3.0,0.0006967089138925076
us_population,binseg_textbook,0.6666666666666666,0.39044117647058824,0.5,1.0,3.0,0.00014795828610658646
us_population,pelt,0.47058823529411764,0.5061274509803921,0.3333333333333333,0.8,2.0,0.013680750038474798
us_population,pelt_bic,0.32000000000000006,0.3073529411764706,0.2,0.8,4.0,0.01021458301693201
us_population,sc_pelt,0.3200000000000001,0.30735294117647066,0.20000000000000004,0.8000000000000002,4.0,0.046918827062472704
us_population,segneigh,0.32000000000000006,0.3073529411764706,0.2,0.8,4.0,0.037127040792256594
us_population,zero,0.888888888888889,0.8033761053440983,1.0,0.8,0.0,1.6246922314167023e-06
usd_isk,amoc,0.785425101214575,0.8527794314919734,1.0,0.6466666666666667,1.0,0.00010112486779689789
usd_isk,binseg,0.6565143824027072,0.7347653721190944,0.6666666666666666,0.6466666666666667,2.0,0.000654333271086216
usd_isk,binseg_textbook,0.6565143824027072,0.7347653721190944,0.6666666666666666,0.6466666666666667,2.0,0.00036066584289073944
usd_isk,pelt,0.6565143824027072,0.7303371792260955,0.6666666666666666,0.6466666666666667,2.0,0.004357249941676855
usd_isk,pelt_bic,0.6565143824027072,0.7303371792260955,0.6666666666666666,0.6466666666666667,2.0,0.002902749925851822
usd_isk,sc_pelt,0.6565143824027071,0.7303371792260955,0.6666666666666665,0.6466666666666667,2.0,0.013673497829586267
usd_isk,segneigh,0.6565143824027072,0.7303371792260955,0.6666666666666666,0.6466666666666667,2.0,0.017615083139389753
usd_isk,zero,0.48866498740554165,0.43629300594994175,1.0,0.32333333333333336,0.0,3.1669624149799347e-06
well_log,amoc,0.27915869980879543,0.4527947707232932,1.0,0.16222222222222224,1.0,0.00011550029739737511
well_log,binseg,0.5342019543973942,0.6954264948476262,1.0,0.36444444444444446,3.0,0.0006539998576045036
well_log,binseg_textbook,0.6035686578743211,0.7370564307917318,1.0,0.43222222222222223,4.0,0.0001915418542921543
well_log,pelt,0.554567022538553,0.6785920888706041,0.8333333333333334,0.4155555555555556,5.0,0.014872874598950148
well_log,pelt_bic,0.7971331873382441,0.7774806955428198,0.7857142857142857,0.8088888888888889,13.0,0.009706541895866394
well_log,sc_pelt,0.7971331873382439,0.77748069554282,0.7857142857142858,0.8088888888888889,13.0,0.03675713746342808
well_log,segneigh,0.4848015488867377,0.6465255849795147,0.8,0.3477777777777778,4.0,0.03811458311975002
well_log,zero,0.23702252693437809,0.22457547325102883,1.0,0.13444444444444445,0.0,1.5418045222759247e-06
